CHROM,POS,REF,ALT,DP,AD,QUAL,MQ,Zygosity,FILTER,Effect,Putative_Impact,Gene_Name,Feature_Type,Feature_ID,Transcript_BioType,Rank/Total,HGVS.c,HGVS.p,REF_AA,ALT_AA,cDNA_pos,cDNA_length,CDS_pos,CDS_length,AA_pos,AA_length,Distance,dbSNP138_ID,dbSNP156_ID,p3_1000G_AF,p3_1000G_AFR_AF,p3_1000G_AMR_AF,p3_1000G_EAS_AF,p3_1000G_EUR_AF,p3_1000G_SAS_AF,ESP6500_MAF_EA,ESP6500_MAF_AA,ESP6500_MAF_ALL,CLINVAR_CLNSIG,CLINVAR_CLNDISDB,CLINVAR_CLNDN,CLINVAR_CLNREVSTAT,ACMG_SF_v3.2,REF_AA_dbnsfp,ALT_AA_dbnsfp,hg19_chr,hg19_pos(1-based),cds_strand,refcodon,codonpos,codon_degeneracy,SIFT_score,SIFT_converted_rankscore,SIFT_pred,LRT_score,LRT_converted_rankscore,LRT_pred,LRT_Omega,MutationTaster_score,MutationTaster_converted_rankscore,MutationTaster_pred,MutationTaster_model,MutationTaster_AAE,MutationAssessor_score,MutationAssessor_rankscore,MutationAssessor_pred,FATHMM_score,FATHMM_converted_rankscore,FATHMM_pred,PROVEAN_score,PROVEAN_converted_rankscore,PROVEAN_pred,MetaSVM_score,MetaSVM_rankscore,MetaSVM_pred,MetaLR_score,MetaLR_rankscore,MetaLR_pred,Reliability_index,M-CAP_score,M-CAP_rankscore,M-CAP_pred,MutPred_score,MutPred_rankscore,MutPred_protID,MutPred_AAchange,MutPred_Top5features,fathmm-MKL_coding_score,fathmm-MKL_coding_rankscore,fathmm-MKL_coding_pred,fathmm-MKL_coding_group,Eigen-raw_coding,Eigen-phred_coding,Eigen-PC-raw_coding,Eigen-PC-phred_coding,Eigen-PC-raw_coding_rankscore,integrated_fitCons_score,integrated_fitCons_rankscore,integrated_confidence_value,GERP++_NR,GERP++_RS,GERP++_RS_rankscore,gnomAD_exomes_AC,gnomAD_exomes_AN,gnomAD_exomes_AF,gnomAD_exomes_AFR_AC,gnomAD_exomes_AFR_AN,gnomAD_exomes_AFR_AF,gnomAD_exomes_AMR_AC,gnomAD_exomes_AMR_AN,gnomAD_exomes_AMR_AF,gnomAD_exomes_ASJ_AC,gnomAD_exomes_ASJ_AN,gnomAD_exomes_ASJ_AF,gnomAD_exomes_EAS_AC,gnomAD_exomes_EAS_AN,gnomAD_exomes_EAS_AF,gnomAD_exomes_FIN_AC,gnomAD_exomes_FIN_AN,gnomAD_exomes_FIN_AF,gnomAD_exomes_NFE_AC,gnomAD_exomes_NFE_AN,gnomAD_exomes_NFE_AF,gnomAD_exomes_SAS_AC,gnomAD_exomes_SAS_AN,gnomAD_exomes_SAS_AF,gnomAD_genomes_AC,gnomAD_genomes_AN,gnomAD_genomes_AF,gnomAD_genomes_AFR_AC,gnomAD_genomes_AFR_AN,gnomAD_genomes_AFR_AF,gnomAD_genomes_AMR_AC,gnomAD_genomes_AMR_AN,gnomAD_genomes_AMR_AF,gnomAD_genomes_ASJ_AC,gnomAD_genomes_ASJ_AN,gnomAD_genomes_ASJ_AF,gnomAD_genomes_EAS_AC,gnomAD_genomes_EAS_AN,gnomAD_genomes_EAS_AF,gnomAD_genomes_FIN_AC,gnomAD_genomes_FIN_AN,gnomAD_genomes_FIN_AF,gnomAD_genomes_NFE_AC,gnomAD_genomes_NFE_AN,gnomAD_genomes_NFE_AF,Interpro_domain,GTEx_V8_gene,GTEx_V8_tissue,MIM_id,Gene_old_names,Gene_full_name,Pathway(Uniprot),Pathway(BioCarta)_short,Pathway(BioCarta)_full,Pathway(ConsensusPathDB),Pathway(KEGG)_id,Pathway(KEGG)_full,Function_description,Disease_description,MIM_phenotype_id,MIM_disease,Trait_association(GWAS),GO_biological_process,GO_cellular_component,GO_molecular_function,Tissue_specificity(Uniprot),Expression(egenetics),Expression(GNF/Atlas),Interactions(IntAct),Interactions(BioGRID),Interactions(ConsensusPathDB),P(HI),P(rec),Known_rec_info,RVIS_EVS,RVIS_percentile_EVS,LoF-FDR_ExAC,RVIS_ExAC,RVIS_percentile_ExAC,GHIS,GDI,GDI-Phred,Gene_damage_prediction(all_disease-causing_genes),Gene_damage_prediction(all_Mendelian_disease-causing_genes),Gene_damage_prediction(Mendelian_AD_disease-causing_genes),Gene_damage_prediction(Mendelian_AR_disease-causing_genes),Gene_damage_prediction(all_PID_disease-causing_genes),Gene_damage_prediction(PID_AD_disease-causing_genes),Gene_damage_prediction(PID_AR_disease-causing_genes),Gene_damage_prediction(all_cancer_disease-causing_genes),Gene_damage_prediction(cancer_recessive_disease-causing_genes),Gene_damage_prediction(cancer_dominant_disease-causing_genes)
1,"14,542",A,G,10,3,44.64,30.11,HET,MG_SNP_Filter_MQ40;MG_SNP_Filter_QD5,downstream_gene_variant,MODIFIER,DDX11L1,transcript,NR_046018.2,pseudogene,.,n.*133A>G,.,-,-,.,.,.,.,.,.,133,.,rs1045833,.,.,.,.,.,.,.,.,.,.,.,.,.,.,-,-,.,.,.,.,.,.,.,.,.,.,.,.,.,.,.,.,.,.,.,.,.,.,.,.,.,.,.,.,.,.,.,.,.,.,.,.,.,.,.,.,.,.,.,.,.,.,.,.,.,.,.,.,.,.,.,.,.,.,.,.,.,.,.,.,.,.,.,.,.,.,.,.,.,.,.,.,.,.,.,.,.,.,.,.,.,.,.,.,.,.,.,.,.,.,.,.,.,.,.,.,.,.,.,.,.,.,.,.,.,.,.,.,.,.,.,.,.,.,.,.,.,.,.,.,.,.,.,.,.,.,.,.,.,.,.,.,.,.,.,.,.,.,.,.,.,.,.,.,.
1,"14,574",A,G,19,4,44.64,35.78,HET,MG_SNP_Filter_MQ40;MG_SNP_Filter_QD5,downstream_gene_variant,MODIFIER,DDX11L1,transcript,NR_046018.2,pseudogene,.,n.*165A>G,.,-,-,.,.,.,.,.,.,165,.,rs28503599,.,.,.,.,.,.,.,.,.,.,.,.,.,.,-,-,.,.,.,.,.,.,.,.,.,.,.,.,.,.,.,.,.,.,.,.,.,.,.,.,.,.,.,.,.,.,.,.,.,.,.,.,.,.,.,.,.,.,.,.,.,.,.,.,.,.,.,.,.,.,.,.,.,.,.,.,.,.,.,.,.,.,.,.,.,.,.,.,.,.,.,.,.,.,.,.,.,.,.,.,.,.,.,.,.,.,.,.,.,.,.,.,.,.,.,.,.,.,.,.,.,.,.,.,.,.,.,.,.,.,.,.,.,.,.,.,.,.,.,.,.,.,.,.,.,.,.,.,.,.,.,.,.,.,.,.,.,.,.,.,.,.,.,.,.
1,"14,599",T,A,26,4,94.64,37.28,HET,MG_SNP_Filter_MQ40;MG_SNP_Filter_QD5,downstream_gene_variant,MODIFIER,DDX11L1,transcript,NR_046018.2,pseudogene,.,n.*190T>A,.,-,-,.,.,.,.,.,.,190,.,rs707680,0.147564,0.121,0.1758,0.0893,0.161,0.2096,.,.,.,.,.,.,.,.,-,-,.,.,.,.,.,.,.,.,.,.,.,.,.,.,.,.,.,.,.,.,.,.,.,.,.,.,.,.,.,.,.,.,.,.,.,.,.,.,.,.,.,.,.,.,.,.,.,.,.,.,.,.,.,.,.,.,.,.,.,.,.,.,.,.,.,.,.,.,.,.,.,.,.,.,.,.,.,.,.,.,.,.,.,.,.,.,.,.,.,.,.,.,.,.,.,.,.,.,.,.,.,.,.,.,.,.,.,.,.,.,.,.,.,.,.,.,.,.,.,.,.,.,.,.,.,.,.,.,.,.,.,.,.,.,.,.,.,.,.,.,.,.,.,.,.,.,.,.,.
1,"14,604",A,G,28,4,88.64,36.54,HET,MG_SNP_Filter_MQ40;MG_SNP_Filter_QD5,downstream_gene_variant,MODIFIER,DDX11L1,transcript,NR_046018.2,pseudogene,.,n.*195A>G,.,-,-,.,.,.,.,.,.,195,.,rs541940975,0.147564,0.121,0.1758,0.0893,0.161,0.2096,.,.,.,.,.,.,.,.,-,-,.,.,.,.,.,.,.,.,.,.,.,.,.,.,.,.,.,.,.,.,.,.,.,.,.,.,.,.,.,.,.,.,.,.,.,.,.,.,.,.,.,.,.,.,.,.,.,.,.,.,.,.,.,.,.,.,.,.,.,.,.,.,.,.,.,.,.,.,.,.,.,.,.,.,.,.,.,.,.,.,.,.,.,.,.,.,.,.,.,.,.,.,.,.,.,.,.,.,.,.,.,.,.,.,.,.,.,.,.,.,.,.,.,.,.,.,.,.,.,.,.,.,.,.,.,.,.,.,.,.,.,.,.,.,.,.,.,.,.,.,.,.,.,.,.,.,.,.,.
1,"14,610",T,C,30,4,82.64,36.53,HET,MG_SNP_Filter_MQ40;MG_SNP_Filter_QD5,downstream_gene_variant,MODIFIER,DDX11L1,transcript,NR_046018.2,pseudogene,.,n.*201T>C,.,-,-,.,.,.,.,.,.,201,.,rs878986575,.,.,.,.,.,.,.,.,.,.,.,.,.,.,-,-,.,.,.,.,.,.,.,.,.,.,.,.,.,.,.,.,.,.,.,.,.,.,.,.,.,.,.,.,.,.,.,.,.,.,.,.,.,.,.,.,.,.,.,.,.,.,.,.,.,.,.,.,.,.,.,.,.,.,.,.,.,.,.,.,.,.,.,.,.,.,.,.,.,.,.,.,.,.,.,.,.,.,.,.,.,.,.,.,.,.,.,.,.,.,.,.,.,.,.,.,.,.,.,.,.,.,.,.,.,.,.,.,.,.,.,.,.,.,.,.,.,.,.,.,.,.,.,.,.,.,.,.,.,.,.,.,.,.,.,.,.,.,.,.,.,.,.,.,.
1,"14,653",C,T,52,14,229.64,37.82,HET,MG_SNP_Filter_MQ40;MG_SNP_Filter_QD5,downstream_gene_variant,MODIFIER,DDX11L1,transcript,NR_046018.2,pseudogene,.,n.*244C>T,.,-,-,.,.,.,.,.,.,244,rs375086259,rs62635297,.,.,.,.,.,.,.,.,.,.,.,.,.,.,-,-,.,.,.,.,.,.,.,.,.,.,.,.,.,.,.,.,.,.,.,.,.,.,.,.,.,.,.,.,.,.,.,.,.,.,.,.,.,.,.,.,.,.,.,.,.,.,.,.,.,.,.,.,.,.,.,.,.,.,.,.,.,.,.,.,.,.,.,.,.,.,.,.,.,.,.,.,.,.,.,.,.,.,.,.,.,.,.,.,.,.,.,.,.,.,.,.,.,.,.,.,.,.,.,.,.,.,.,.,.,.,.,.,.,.,.,.,.,.,.,.,.,.,.,.,.,.,.,.,.,.,.,.,.,.,.,.,.,.,.,.,.,.,.,.,.,.,.,.,.
1,"14,677",G,A,66,14,169.64,37.86,HET,MG_SNP_Filter_MQ40;MG_SNP_Filter_QD5,downstream_gene_variant,MODIFIER,DDX11L1,transcript,NR_046018.2,pseudogene,.,n.*268G>A,.,-,-,.,.,.,.,.,.,268,rs201327123,rs201327123,.,.,.,.,.,.,.,.,.,.,.,.,.,.,-,-,.,.,.,.,.,.,.,.,.,.,.,.,.,.,.,.,.,.,.,.,.,.,.,.,.,.,.,.,.,.,.,.,.,.,.,.,.,.,.,.,.,.,.,.,.,.,.,.,.,.,.,.,.,.,.,.,.,.,.,.,.,.,.,.,.,.,.,.,.,.,.,.,.,.,.,.,.,.,.,.,.,.,.,.,.,.,.,.,.,.,.,.,.,.,.,.,.,.,.,.,.,.,.,.,.,.,.,.,.,.,.,.,.,.,.,.,.,.,.,.,.,.,.,.,.,.,.,.,.,.,.,.,.,.,.,.,.,.,.,.,.,.,.,.,.,.,.,.,.
1,"14,932",G,T,3,2,73.64,23.78,HET,MG_SNP_Filter_MQ40,downstream_gene_variant,MODIFIER,DDX11L1,transcript,NR_046018.2,pseudogene,.,n.*523G>T,.,-,-,.,.,.,.,.,.,523,.,rs1162665557,.,.,.,.,.,.,.,.,.,.,.,.,.,.,-,-,.,.,.,.,.,.,.,.,.,.,.,.,.,.,.,.,.,.,.,.,.,.,.,.,.,.,.,.,.,.,.,.,.,.,.,.,.,.,.,.,.,.,.,.,.,.,.,.,.,.,.,.,.,.,.,.,.,.,.,.,.,.,.,.,.,.,.,.,.,.,.,.,.,.,.,.,.,.,.,.,.,.,.,.,.,.,.,.,.,.,.,.,.,.,.,.,.,.,.,.,.,.,.,.,.,.,.,.,.,.,.,.,.,.,.,.,.,.,.,.,.,.,.,.,.,.,.,.,.,.,.,.,.,.,.,.,.,.,.,.,.,.,.,.,.,.,.,.,.
1,"14,937",T,C,3,2,73.64,23.78,HET,MG_SNP_Filter_MQ40,downstream_gene_variant,MODIFIER,DDX11L1,transcript,NR_046018.2,pseudogene,.,n.*528T>C,.,-,-,.,.,.,.,.,.,528,.,rs11807796,.,.,.,.,.,.,.,.,.,.,.,.,.,.,-,-,.,.,.,.,.,.,.,.,.,.,.,.,.,.,.,.,.,.,.,.,.,.,.,.,.,.,.,.,.,.,.,.,.,.,.,.,.,.,.,.,.,.,.,.,.,.,.,.,.,.,.,.,.,.,.,.,.,.,.,.,.,.,.,.,.,.,.,.,.,.,.,.,.,.,.,.,.,.,.,.,.,.,.,.,.,.,.,.,.,.,.,.,.,.,.,.,.,.,.,.,.,.,.,.,.,.,.,.,.,.,.,.,.,.,.,.,.,.,.,.,.,.,.,.,.,.,.,.,.,.,.,.,.,.,.,.,.,.,.,.,.,.,.,.,.,.,.,.,.
1,"16,957",G,T,71,15,200.64,23.09,HET,MG_SNP_Filter_MQ40;MG_SNP_Filter_QD5;MG_SNP_Filter_SOR3,downstream_gene_variant,MODIFIER,DDX11L1,transcript,NR_046018.2,pseudogene,.,n.*2548G>T,.,-,-,.,.,.,.,.,.,2548,rs200658479,rs200658479,.,.,.,.,.,.,.,.,.,.,.,.,.,.,-,-,.,.,.,.,.,.,.,.,.,.,.,.,.,.,.,.,.,.,.,.,.,.,.,.,.,.,.,.,.,.,.,.,.,.,.,.,.,.,.,.,.,.,.,.,.,.,.,.,.,.,.,.,.,.,.,.,.,.,.,.,.,.,.,.,.,.,.,.,.,.,.,.,.,.,.,.,.,.,.,.,.,.,.,.,.,.,.,.,.,.,.,.,.,.,.,.,.,.,.,.,.,.,.,.,.,.,.,.,.,.,.,.,.,.,.,.,.,.,.,.,.,.,.,.,.,.,.,.,.,.,.,.,.,.,.,.,.,.,.,.,.,.,.,.,.,.,.,.,.
1,"17,365",C,G,70,10,167.64,44.94,HET,MG_SNP_Filter_QD5,downstream_gene_variant,MODIFIER,DDX11L1,transcript,NR_046018.2,pseudogene,.,n.*2956C>G,.,-,-,.,.,.,.,.,.,2956,rs369606208,rs369606208,.,.,.,.,.,.,.,.,.,.,.,.,.,.,-,-,.,.,.,.,.,.,.,.,.,.,.,.,.,.,.,.,.,.,.,.,.,.,.,.,.,.,.,.,.,.,.,.,.,.,.,.,.,.,.,.,.,.,.,.,.,.,.,.,.,.,.,.,.,.,.,.,.,.,.,.,.,.,.,.,.,.,.,.,.,.,.,.,.,.,.,.,.,.,.,.,.,.,.,.,.,.,.,.,.,.,.,.,.,.,.,.,.,.,.,.,.,.,.,.,.,.,.,.,.,.,.,.,.,.,.,.,.,.,.,.,.,.,.,.,.,.,.,.,.,.,.,.,.,.,.,.,.,.,.,.,.,.,.,.,.,.,.,.,.
1,"17,398",C,A,124,15,115.64,48.42,HET,MG_SNP_Filter_QD5,downstream_gene_variant,MODIFIER,DDX11L1,transcript,NR_046018.2,pseudogene,.,n.*2989C>A,.,-,-,.,.,.,.,.,.,2989,rs200784459,rs200784459,.,.,.,.,.,.,.,.,.,.,.,.,.,.,-,-,.,.,.,.,.,.,.,.,.,.,.,.,.,.,.,.,.,.,.,.,.,.,.,.,.,.,.,.,.,.,.,.,.,.,.,.,.,.,.,.,.,.,.,.,.,.,.,.,.,.,.,.,.,.,.,.,.,.,.,.,.,.,.,.,.,.,.,.,.,.,.,.,.,.,.,.,.,.,.,.,.,.,.,.,.,.,.,.,.,.,.,.,.,.,.,.,.,.,.,.,.,.,.,.,.,.,.,.,.,.,.,.,.,.,.,.,.,.,.,.,.,.,.,.,.,.,.,.,.,.,.,.,.,.,.,.,.,.,.,.,.,.,.,.,.,.,.,.,.
1,"17,538",C,A,128,15,86.64,49.91,HET,MG_SNP_Filter_QD5,upstream_gene_variant,MODIFIER,MIR6859-1,transcript,NR_106918.1,pseudogene,.,n.-102G>T,.,-,-,.,.,.,.,.,.,102,rs200046632,rs71260068,.,.,.,.,.,.,.,.,.,.,.,.,.,.,-,-,.,.,.,.,.,.,.,.,.,.,.,.,.,.,.,.,.,.,.,.,.,.,.,.,.,.,.,.,.,.,.,.,.,.,.,.,.,.,.,.,.,.,.,.,.,.,.,.,.,.,.,.,.,.,.,.,.,.,.,.,.,.,.,.,.,.,.,.,.,.,.,.,.,.,.,.,.,.,.,.,.,.,.,.,.,.,.,.,.,.,.,.,.,.,.,.,.,.,.,.,.,.,.,.,.,.,.,.,.,.,.,.,.,.,.,.,.,.,.,.,.,.,.,.,.,.,.,.,.,.,.,.,.,.,.,.,.,.,.,.,.,.,.,.,.,.,.,.,.
1,"19,004",A,G,2,2,41.32,22,HOM,MG_SNP_Filter_MQ40,upstream_gene_variant,MODIFIER,MIR6859-1,transcript,NR_106918.1,pseudogene,.,n.-1568T>C,.,-,-,.,.,.,.,.,.,1568,rs201619486,rs62101625,.,.,.,.,.,.,.,.,.,.,.,.,.,.,-,-,.,.,.,.,.,.,.,.,.,.,.,.,.,.,.,.,.,.,.,.,.,.,.,.,.,.,.,.,.,.,.,.,.,.,.,.,.,.,.,.,.,.,.,.,.,.,.,.,.,.,.,.,.,.,.,.,.,.,.,.,.,.,.,.,.,.,.,.,.,.,.,.,.,.,.,.,.,.,.,.,.,.,.,.,.,.,.,.,.,.,.,.,.,.,.,.,.,.,.,.,.,.,.,.,.,.,.,.,.,.,.,.,.,.,.,.,.,.,.,.,.,.,.,.,.,.,.,.,.,.,.,.,.,.,.,.,.,.,.,.,.,.,.,.,.,.,.,.,.
1,"19,190",GC,G,17,3,44.6,28.16,HET,PASS,upstream_gene_variant,MODIFIER,MIR6859-1,transcript,NR_106918.1,pseudogene,.,n.-1755delG,.,-,-,.,.,.,.,.,.,1755,.,rs1346737557,.,.,.,.,.,.,.,.,.,.,.,.,.,.,-,-,.,.,.,.,.,.,.,.,.,.,.,.,.,.,.,.,.,.,.,.,.,.,.,.,.,.,.,.,.,.,.,.,.,.,.,.,.,.,.,.,.,.,.,.,.,.,.,.,.,.,.,.,.,.,.,.,.,.,.,.,.,.,.,.,.,.,.,.,.,.,.,.,.,.,.,.,.,.,.,.,.,.,.,.,.,.,.,.,.,.,.,.,.,.,.,.,.,.,.,.,.,.,.,.,.,.,.,.,.,.,.,.,.,.,.,.,.,.,.,.,.,.,.,.,.,.,.,.,.,.,.,.,.,.,.,.,.,.,.,.,.,.,.,.,.,.,.,.,.
1,"69,270",A,G,29,28,797.06,28.5,HOM,MG_SNP_Filter_MQ40;MG_SNP_Filter_SOR3,synonymous_variant,LOW,OR4F5,transcript,NM_001005484.2,protein_coding,3/3,c.243A>G,p.Ser81Ser,S,S,303,2618,243,981,81,326,.,rs201219564,rs201219564,.,.,.,.,.,.,.,.,.,.,.,.,.,.,-,-,.,.,.,.,.,.,.,.,.,.,.,.,.,.,.,.,.,.,.,.,.,.,.,.,.,.,.,.,.,.,.,.,.,.,.,.,.,.,.,.,.,.,.,.,.,.,.,.,.,.,.,.,.,.,.,.,.,.,.,.,.,.,.,.,.,.,.,.,.,.,.,.,.,.,.,.,.,.,.,.,.,.,.,.,.,.,.,.,.,.,.,.,.,.,.,.,.,.,.,.,.,.,.,.,.,.,.,.,.,.,.,.,.,.,.,.,.,.,.,.,.,.,.,.,.,.,.,.,.,.,.,.,.,.,.,.,.,.,.,.,.,.,.,.,.,.,.,.,.
1,"69,511",A,G,597,597,16684.1,45.67,HOM,PASS,missense_variant,MODERATE,OR4F5,transcript,NM_001005484.2,protein_coding,3/3,c.484A>G,p.Thr162Ala,T,A,544,2618,484,981,162,326,.,rs75062661,rs2691305,.,.,.,.,.,.,A:0.112571,A:0.455899,A:0.240234,.,.,.,.,.,T,A,1,69511,+;+,ACA;ACA,1;1,0;0,.;0.652,0.04817,.;T,0.000427,0.44522,N,0,0.999965,0.18878,P,simple_aae,T141A,.;-0.855,0.01474,.;N,.;1.26,0.3633,.;T,.;1.54,0.00702,.;N,-0.9967,0.30838,T,0,0.00011,T,9,.,.,.,.;.;,.,.;.;,.;.;,.;.;,0.0033,0.01723,N,AEFI,-1.450102557,0.0975984,-1.340568641,0.1837653,0.03917,0.487112,0.14033,0,2.31,1.15,0.19876,151263,159276,0.949691,6889,11340,0.607496,19014,19986,0.951366,4938,5056,0.976661,17814,17824,0.999439,10713,10804,0.991577,65905,67760,0.972624,22467,22800,0.985395,70482,83312,0.846001,15571,26178,0.594812,6520,7284,0.895113,1497,1530,0.978431,4423,4424,0.999774,3725,3760,0.990691,34637,35806,0.967352,"GPCR, rhodopsin-like, 7TM;GPCR, rhodopsin-like, 7TM",.,.,.,.,olfactory receptor family 4 subfamily F member 5,.,.,.,Olfactory transduction - Homo sapiens (human);Olfactory receptor activity;Signaling by GPCR;Signal Transduction;Olfactory Signaling Pathway;G alpha (s) signalling events;GPCR downstream signalling,hsa04740,Olfactory transduction,FUNCTION: Odorant receptor. {ECO:0000305}.; ,.,.,.,.,G protein-coupled receptor signaling pathway;detection of chemical stimulus involved in sensory perception of smell,plasma membrane;integral component of membrane,G protein-coupled receptor activity;olfactory receptor activity,.,.,.,0,0,0,0.06092,0.07159,.,.,.,0.9905209,.,.,.,113.16669,2.31572,Medium,Medium,Medium,Medium,Medium,Medium,Medium,Medium,Medium,Medium
1,"69,897",T,C,5,5,142.96,28.06,HOM,MG_SNP_Filter_MQ40,synonymous_variant,LOW,OR4F5,transcript,NM_001005484.2,protein_coding,3/3,c.870T>C,p.Ser290Ser,S,S,930,2618,870,981,290,326,.,rs200676709,rs200676709,0.688099,0.407,0.6254,0.876,0.7942,0.8098,.,.,.,.,.,.,.,.,-,-,.,.,.,.,.,.,.,.,.,.,.,.,.,.,.,.,.,.,.,.,.,.,.,.,.,.,.,.,.,.,.,.,.,.,.,.,.,.,.,.,.,.,.,.,.,.,.,.,.,.,.,.,.,.,.,.,.,.,.,.,.,.,.,.,.,.,.,.,.,.,.,.,.,.,.,.,.,.,.,.,.,.,.,.,.,.,.,.,.,.,.,.,.,.,.,.,.,.,.,.,.,.,.,.,.,.,.,.,.,.,.,.,.,.,.,.,.,.,.,.,.,.,.,.,.,.,.,.,.,.,.,.,.,.,.,.,.,.,.,.,.,.,.,.,.,.,.,.,.
1,"129,285",G,A,13,10,202.64,37.19,HET,MG_SNP_Filter_MQ40,intron_variant,MODIFIER,LOC124900384,transcript,XR_001737579.3,pseudogene,5/5,n.1968-8353C>T,.,-,-,.,.,.,.,.,.,.,rs372768449,rs372768449,.,.,.,.,.,.,.,.,.,.,.,.,.,.,-,-,.,.,.,.,.,.,.,.,.,.,.,.,.,.,.,.,.,.,.,.,.,.,.,.,.,.,.,.,.,.,.,.,.,.,.,.,.,.,.,.,.,.,.,.,.,.,.,.,.,.,.,.,.,.,.,.,.,.,.,.,.,.,.,.,.,.,.,.,.,.,.,.,.,.,.,.,.,.,.,.,.,.,.,.,.,.,.,.,.,.,.,.,.,.,.,.,.,.,.,.,.,.,.,.,.,.,.,.,.,.,.,.,.,.,.,.,.,.,.,.,.,.,.,.,.,.,.,.,.,.,.,.,.,.,.,.,.,.,.,.,.,.,.,.,.,.,.,.,.
1,"129,315",A,G,12,6,106.64,38.24,HET,MG_SNP_Filter_MQ40,intron_variant,MODIFIER,LOC124900384,transcript,XR_001737579.3,pseudogene,5/5,n.1968-8383T>C,.,-,-,.,.,.,.,.,.,.,rs375743083,rs375743083,.,.,.,.,.,.,.,.,.,.,.,.,.,.,-,-,.,.,.,.,.,.,.,.,.,.,.,.,.,.,.,.,.,.,.,.,.,.,.,.,.,.,.,.,.,.,.,.,.,.,.,.,.,.,.,.,.,.,.,.,.,.,.,.,.,.,.,.,.,.,.,.,.,.,.,.,.,.,.,.,.,.,.,.,.,.,.,.,.,.,.,.,.,.,.,.,.,.,.,.,.,.,.,.,.,.,.,.,.,.,.,.,.,.,.,.,.,.,.,.,.,.,.,.,.,.,.,.,.,.,.,.,.,.,.,.,.,.,.,.,.,.,.,.,.,.,.,.,.,.,.,.,.,.,.,.,.,.,.,.,.,.,.,.,.
1,"135,465",C,T,2,2,41.32,22,HOM,MG_SNP_Filter_MQ40,non_coding_transcript_exon_variant,MODIFIER,LOC729737,transcript,NR_039983.2,pseudogene,3/3,n.4782G>A,.,-,-,.,.,.,.,.,.,.,rs375289924,rs375289924,.,.,.,.,.,.,.,.,.,.,.,.,.,.,-,-,.,.,.,.,.,.,.,.,.,.,.,.,.,.,.,.,.,.,.,.,.,.,.,.,.,.,.,.,.,.,.,.,.,.,.,.,.,.,.,.,.,.,.,.,.,.,.,.,.,.,.,.,.,.,.,.,.,.,.,.,.,.,.,.,.,.,.,.,.,.,.,.,.,.,.,.,.,.,.,.,.,.,.,.,.,.,.,.,.,.,.,.,.,.,.,.,.,.,.,.,.,.,.,.,.,.,.,.,.,.,.,.,.,.,.,.,.,.,.,.,.,.,.,.,.,.,.,.,.,.,.,.,.,.,.,.,.,.,.,.,.,.,.,.,.,.,.,.,.
1,"136,056",G,A,14,5,79.64,32.97,HET,MG_SNP_Filter_MQ40,non_coding_transcript_exon_variant,MODIFIER,LOC729737,transcript,NR_039983.2,pseudogene,3/3,n.4191C>T,.,-,-,.,.,.,.,.,.,.,.,rs1413505702,.,.,.,.,.,.,.,.,.,.,.,.,.,.,-,-,.,.,.,.,.,.,.,.,.,.,.,.,.,.,.,.,.,.,.,.,.,.,.,.,.,.,.,.,.,.,.,.,.,.,.,.,.,.,.,.,.,.,.,.,.,.,.,.,.,.,.,.,.,.,.,.,.,.,.,.,.,.,.,.,.,.,.,.,.,.,.,.,.,.,.,.,.,.,.,.,.,.,.,.,.,.,.,.,.,.,.,.,.,.,.,.,.,.,.,.,.,.,.,.,.,.,.,.,.,.,.,.,.,.,.,.,.,.,.,.,.,.,.,.,.,.,.,.,.,.,.,.,.,.,.,.,.,.,.,.,.,.,.,.,.,.,.,.,.
1,"138,156",G,T,9,5,102.64,22.68,HET,MG_SNP_Filter_MQ40,non_coding_transcript_exon_variant,MODIFIER,LOC729737,transcript,NR_039983.2,pseudogene,3/3,n.2091C>A,.,-,-,.,.,.,.,.,.,.,rs370691115,rs370691115,.,.,.,.,.,.,.,.,.,.,.,.,.,.,-,-,.,.,.,.,.,.,.,.,.,.,.,.,.,.,.,.,.,.,.,.,.,.,.,.,.,.,.,.,.,.,.,.,.,.,.,.,.,.,.,.,.,.,.,.,.,.,.,.,.,.,.,.,.,.,.,.,.,.,.,.,.,.,.,.,.,.,.,.,.,.,.,.,.,.,.,.,.,.,.,.,.,.,.,.,.,.,.,.,.,.,.,.,.,.,.,.,.,.,.,.,.,.,.,.,.,.,.,.,.,.,.,.,.,.,.,.,.,.,.,.,.,.,.,.,.,.,.,.,.,.,.,.,.,.,.,.,.,.,.,.,.,.,.,.,.,.,.,.,.
1,"139,213",A,G,430,101,3086.64,34.4,HET,MG_SNP_Filter_MQ40,non_coding_transcript_exon_variant,MODIFIER,LOC729737,transcript,NR_039983.2,pseudogene,3/3,n.1034T>C,.,-,-,.,.,.,.,.,.,.,rs370723703,rs370723703,.,.,.,.,.,.,.,.,.,.,.,.,.,.,-,-,.,.,.,.,.,.,.,.,.,.,.,.,.,.,.,.,.,.,.,.,.,.,.,.,.,.,.,.,.,.,.,.,.,.,.,.,.,.,.,.,.,.,.,.,.,.,.,.,.,.,.,.,.,.,.,.,.,.,.,.,.,.,.,.,.,.,.,.,.,.,.,.,.,.,.,.,.,.,.,.,.,.,.,.,.,.,.,.,.,.,.,.,.,.,.,.,.,.,.,.,.,.,.,.,.,.,.,.,.,.,.,.,.,.,.,.,.,.,.,.,.,.,.,.,.,.,.,.,.,.,.,.,.,.,.,.,.,.,.,.,.,.,.,.,.,.,.,.,.
1,"139,233",C,A,485,113,3178.64,35.77,HET,MG_SNP_Filter_MQ40,non_coding_transcript_exon_variant,MODIFIER,LOC729737,transcript,NR_039983.2,pseudogene,3/3,n.1014G>T,.,-,-,.,.,.,.,.,.,.,rs373847457,rs373847457,.,.,.,.,.,.,.,.,.,.,.,.,.,.,-,-,.,.,.,.,.,.,.,.,.,.,.,.,.,.,.,.,.,.,.,.,.,.,.,.,.,.,.,.,.,.,.,.,.,.,.,.,.,.,.,.,.,.,.,.,.,.,.,.,.,.,.,.,.,.,.,.,.,.,.,.,.,.,.,.,.,.,.,.,.,.,.,.,.,.,.,.,.,.,.,.,.,.,.,.,.,.,.,.,.,.,.,.,.,.,.,.,.,.,.,.,.,.,.,.,.,.,.,.,.,.,.,.,.,.,.,.,.,.,.,.,.,.,.,.,.,.,.,.,.,.,.,.,.,.,.,.,.,.,.,.,.,.,.,.,.,.,.,.,.
1,"183,189",G,C,102,19,246.64,36.68,HET,MG_SNP_Filter_MQ40;MG_SNP_Filter_QD5,non_coding_transcript_exon_variant,MODIFIER,DDX11L17,transcript,NR_148357.1,pseudogene,2/3,n.417G>C,.,-,-,.,.,.,.,.,.,.,.,rs1483105475,.,.,.,.,.,.,.,.,.,.,.,.,.,.,-,-,.,.,.,.,.,.,.,.,.,.,.,.,.,.,.,.,.,.,.,.,.,.,.,.,.,.,.,.,.,.,.,.,.,.,.,.,.,.,.,.,.,.,.,.,.,.,.,.,.,.,.,.,.,.,.,.,.,.,.,.,.,.,.,.,.,.,.,.,.,.,.,.,.,.,.,.,.,.,.,.,.,.,.,.,.,.,.,.,.,.,.,.,.,.,.,.,.,.,.,.,.,.,.,.,.,.,.,.,.,.,.,.,.,.,.,.,.,.,.,.,.,.,.,.,.,.,.,.,.,.,.,.,.,.,.,.,.,.,.,.,.,.,.,.,.,.,.,.,.
1,"183,598",C,G,150,31,745.64,41.12,HET,MG_SNP_Filter_FS40;MG_SNP_Filter_QD5;MG_SNP_Filter_SOR3,intron_variant,MODIFIER,DDX11L17,transcript,NR_148357.1,pseudogene,2/2,n.469-142C>G,.,-,-,.,.,.,.,.,.,.,.,rs1387391377,.,.,.,.,.,.,.,.,.,.,.,.,.,.,-,-,.,.,.,.,.,.,.,.,.,.,.,.,.,.,.,.,.,.,.,.,.,.,.,.,.,.,.,.,.,.,.,.,.,.,.,.,.,.,.,.,.,.,.,.,.,.,.,.,.,.,.,.,.,.,.,.,.,.,.,.,.,.,.,.,.,.,.,.,.,.,.,.,.,.,.,.,.,.,.,.,.,.,.,.,.,.,.,.,.,.,.,.,.,.,.,.,.,.,.,.,.,.,.,.,.,.,.,.,.,.,.,.,.,.,.,.,.,.,.,.,.,.,.,.,.,.,.,.,.,.,.,.,.,.,.,.,.,.,.,.,.,.,.,.,.,.,.,.,.
1,"183,697",G,A,646,174,3343.64,36.9,HET,MG_SNP_Filter_MQ40,intron_variant,MODIFIER,DDX11L17,transcript,NR_148357.1,pseudogene,2/2,n.469-43G>A,.,-,-,.,.,.,.,.,.,.,.,rs1378397685,.,.,.,.,.,.,.,.,.,.,.,.,.,.,-,-,.,.,.,.,.,.,.,.,.,.,.,.,.,.,.,.,.,.,.,.,.,.,.,.,.,.,.,.,.,.,.,.,.,.,.,.,.,.,.,.,.,.,.,.,.,.,.,.,.,.,.,.,.,.,.,.,.,.,.,.,.,.,.,.,.,.,.,.,.,.,.,.,.,.,.,.,.,.,.,.,.,.,.,.,.,.,.,.,.,.,.,.,.,.,.,.,.,.,.,.,.,.,.,.,.,.,.,.,.,.,.,.,.,.,.,.,.,.,.,.,.,.,.,.,.,.,.,.,.,.,.,.,.,.,.,.,.,.,.,.,.,.,.,.,.,.,.,.,.
1,"183,937",G,A,455,106,1826.64,36.54,HET,MG_SNP_Filter_MQ40;MG_SNP_Filter_QD5,non_coding_transcript_exon_variant,MODIFIER,DDX11L17,transcript,NR_148357.1,pseudogene,3/3,n.666G>A,.,-,-,.,.,.,.,.,.,.,.,rs1169172101,.,.,.,.,.,.,.,.,.,.,.,.,.,.,-,-,.,.,.,.,.,.,.,.,.,.,.,.,.,.,.,.,.,.,.,.,.,.,.,.,.,.,.,.,.,.,.,.,.,.,.,.,.,.,.,.,.,.,.,.,.,.,.,.,.,.,.,.,.,.,.,.,.,.,.,.,.,.,.,.,.,.,.,.,.,.,.,.,.,.,.,.,.,.,.,.,.,.,.,.,.,.,.,.,.,.,.,.,.,.,.,.,.,.,.,.,.,.,.,.,.,.,.,.,.,.,.,.,.,.,.,.,.,.,.,.,.,.,.,.,.,.,.,.,.,.,.,.,.,.,.,.,.,.,.,.,.,.,.,.,.,.,.,.,.
1,"185,194",G,C,22,7,131.64,24.78,HET,MG_SNP_Filter_MQ40,downstream_gene_variant,MODIFIER,DDX11L17,transcript,NR_148357.1,pseudogene,.,n.*316G>C,.,-,-,.,.,.,.,.,.,316,.,rs1218940078,.,.,.,.,.,.,.,.,.,.,.,.,.,.,-,-,.,.,.,.,.,.,.,.,.,.,.,.,.,.,.,.,.,.,.,.,.,.,.,.,.,.,.,.,.,.,.,.,.,.,.,.,.,.,.,.,.,.,.,.,.,.,.,.,.,.,.,.,.,.,.,.,.,.,.,.,.,.,.,.,.,.,.,.,.,.,.,.,.,.,.,.,.,.,.,.,.,.,.,.,.,.,.,.,.,.,.,.,.,.,.,.,.,.,.,.,.,.,.,.,.,.,.,.,.,.,.,.,.,.,.,.,.,.,.,.,.,.,.,.,.,.,.,.,.,.,.,.,.,.,.,.,.,.,.,.,.,.,.,.,.,.,.,.,.
1,"185,428",A,G,18,8,169.64,26.59,HET,MG_SNP_Filter_MQ40;MG_SNP_Filter_SOR3,downstream_gene_variant,MODIFIER,DDX11L17,transcript,NR_148357.1,pseudogene,.,n.*550A>G,.,-,-,.,.,.,.,.,.,550,.,rs1461038751,.,.,.,.,.,.,.,.,.,.,.,.,.,.,-,-,.,.,.,.,.,.,.,.,.,.,.,.,.,.,.,.,.,.,.,.,.,.,.,.,.,.,.,.,.,.,.,.,.,.,.,.,.,.,.,.,.,.,.,.,.,.,.,.,.,.,.,.,.,.,.,.,.,.,.,.,.,.,.,.,.,.,.,.,.,.,.,.,.,.,.,.,.,.,.,.,.,.,.,.,.,.,.,.,.,.,.,.,.,.,.,.,.,.,.,.,.,.,.,.,.,.,.,.,.,.,.,.,.,.,.,.,.,.,.,.,.,.,.,.,.,.,.,.,.,.,.,.,.,.,.,.,.,.,.,.,.,.,.,.,.,.,.,.,.
1,"187,352",C,G,26,9,197.64,28.97,HET,MG_SNP_Filter_MQ40,downstream_gene_variant,MODIFIER,DDX11L17,transcript,NR_148357.1,pseudogene,.,n.*2474C>G,.,-,-,.,.,.,.,.,.,2474,.,rs1370758195,.,.,.,.,.,.,.,.,.,.,.,.,.,.,-,-,.,.,.,.,.,.,.,.,.,.,.,.,.,.,.,.,.,.,.,.,.,.,.,.,.,.,.,.,.,.,.,.,.,.,.,.,.,.,.,.,.,.,.,.,.,.,.,.,.,.,.,.,.,.,.,.,.,.,.,.,.,.,.,.,.,.,.,.,.,.,.,.,.,.,.,.,.,.,.,.,.,.,.,.,.,.,.,.,.,.,.,.,.,.,.,.,.,.,.,.,.,.,.,.,.,.,.,.,.,.,.,.,.,.,.,.,.,.,.,.,.,.,.,.,.,.,.,.,.,.,.,.,.,.,.,.,.,.,.,.,.,.,.,.,.,.,.,.,.
1,"187,485",G,A,451,275,7677.64,40.61,HET,PASS,downstream_gene_variant,MODIFIER,DDX11L17,transcript,NR_148357.1,pseudogene,.,n.*2607G>A,.,-,-,.,.,.,.,.,.,2607,.,rs1423991279,.,.,.,.,.,.,.,.,.,.,.,.,.,.,-,-,.,.,.,.,.,.,.,.,.,.,.,.,.,.,.,.,.,.,.,.,.,.,.,.,.,.,.,.,.,.,.,.,.,.,.,.,.,.,.,.,.,.,.,.,.,.,.,.,.,.,.,.,.,.,.,.,.,.,.,.,.,.,.,.,.,.,.,.,.,.,.,.,.,.,.,.,.,.,.,.,.,.,.,.,.,.,.,.,.,.,.,.,.,.,.,.,.,.,.,.,.,.,.,.,.,.,.,.,.,.,.,.,.,.,.,.,.,.,.,.,.,.,.,.,.,.,.,.,.,.,.,.,.,.,.,.,.,.,.,.,.,.,.,.,.,.,.,.,.
1,"187,497",G,A,464,113,1507.64,40.7,HET,MG_SNP_Filter_QD5,downstream_gene_variant,MODIFIER,DDX11L17,transcript,NR_148357.1,pseudogene,.,n.*2619G>A,.,-,-,.,.,.,.,.,.,2619,.,rs1315127023,.,.,.,.,.,.,.,.,.,.,.,.,.,.,-,-,.,.,.,.,.,.,.,.,.,.,.,.,.,.,.,.,.,.,.,.,.,.,.,.,.,.,.,.,.,.,.,.,.,.,.,.,.,.,.,.,.,.,.,.,.,.,.,.,.,.,.,.,.,.,.,.,.,.,.,.,.,.,.,.,.,.,.,.,.,.,.,.,.,.,.,.,.,.,.,.,.,.,.,.,.,.,.,.,.,.,.,.,.,.,.,.,.,.,.,.,.,.,.,.,.,.,.,.,.,.,.,.,.,.,.,.,.,.,.,.,.,.,.,.,.,.,.,.,.,.,.,.,.,.,.,.,.,.,.,.,.,.,.,.,.,.,.,.,.
1,"187,527",A,G,411,54,189.64,39.85,HET,MG_SNP_Filter_MQ40;MG_SNP_Filter_QD5,downstream_gene_variant,MODIFIER,DDX11L17,transcript,NR_148357.1,pseudogene,.,n.*2649A>G,.,-,-,.,.,.,.,.,.,2649,.,rs1331345854,.,.,.,.,.,.,.,.,.,.,.,.,.,.,-,-,.,.,.,.,.,.,.,.,.,.,.,.,.,.,.,.,.,.,.,.,.,.,.,.,.,.,.,.,.,.,.,.,.,.,.,.,.,.,.,.,.,.,.,.,.,.,.,.,.,.,.,.,.,.,.,.,.,.,.,.,.,.,.,.,.,.,.,.,.,.,.,.,.,.,.,.,.,.,.,.,.,.,.,.,.,.,.,.,.,.,.,.,.,.,.,.,.,.,.,.,.,.,.,.,.,.,.,.,.,.,.,.,.,.,.,.,.,.,.,.,.,.,.,.,.,.,.,.,.,.,.,.,.,.,.,.,.,.,.,.,.,.,.,.,.,.,.,.,.
1,"187,744",A,G,14,11,252.64,22.95,HET,MG_SNP_Filter_MQ40,downstream_gene_variant,MODIFIER,DDX11L17,transcript,NR_148357.1,pseudogene,.,n.*2866A>G,.,-,-,.,.,.,.,.,.,2866,.,rs1430171341,.,.,.,.,.,.,.,.,.,.,.,.,.,.,-,-,.,.,.,.,.,.,.,.,.,.,.,.,.,.,.,.,.,.,.,.,.,.,.,.,.,.,.,.,.,.,.,.,.,.,.,.,.,.,.,.,.,.,.,.,.,.,.,.,.,.,.,.,.,.,.,.,.,.,.,.,.,.,.,.,.,.,.,.,.,.,.,.,.,.,.,.,.,.,.,.,.,.,.,.,.,.,.,.,.,.,.,.,.,.,.,.,.,.,.,.,.,.,.,.,.,.,.,.,.,.,.,.,.,.,.,.,.,.,.,.,.,.,.,.,.,.,.,.,.,.,.,.,.,.,.,.,.,.,.,.,.,.,.,.,.,.,.,.,.
1,"188,246",A,G,135,16,306.64,33.46,HET,MG_SNP_Filter_MQ40;MG_SNP_Filter_QD5,downstream_gene_variant,MODIFIER,DDX11L17,transcript,NR_148357.1,pseudogene,.,n.*3368A>G,.,-,-,.,.,.,.,.,.,3368,.,rs1233362960,.,.,.,.,.,.,.,.,.,.,.,.,.,.,-,-,.,.,.,.,.,.,.,.,.,.,.,.,.,.,.,.,.,.,.,.,.,.,.,.,.,.,.,.,.,.,.,.,.,.,.,.,.,.,.,.,.,.,.,.,.,.,.,.,.,.,.,.,.,.,.,.,.,.,.,.,.,.,.,.,.,.,.,.,.,.,.,.,.,.,.,.,.,.,.,.,.,.,.,.,.,.,.,.,.,.,.,.,.,.,.,.,.,.,.,.,.,.,.,.,.,.,.,.,.,.,.,.,.,.,.,.,.,.,.,.,.,.,.,.,.,.,.,.,.,.,.,.,.,.,.,.,.,.,.,.,.,.,.,.,.,.,.,.,.
1,"188,254",C,A,136,16,303.64,33.75,HET,MG_SNP_Filter_MQ40;MG_SNP_Filter_QD5,downstream_gene_variant,MODIFIER,DDX11L17,transcript,NR_148357.1,pseudogene,.,n.*3376C>A,.,-,-,.,.,.,.,.,.,3376,.,rs1206927861,.,.,.,.,.,.,.,.,.,.,.,.,.,.,-,-,.,.,.,.,.,.,.,.,.,.,.,.,.,.,.,.,.,.,.,.,.,.,.,.,.,.,.,.,.,.,.,.,.,.,.,.,.,.,.,.,.,.,.,.,.,.,.,.,.,.,.,.,.,.,.,.,.,.,.,.,.,.,.,.,.,.,.,.,.,.,.,.,.,.,.,.,.,.,.,.,.,.,.,.,.,.,.,.,.,.,.,.,.,.,.,.,.,.,.,.,.,.,.,.,.,.,.,.,.,.,.,.,.,.,.,.,.,.,.,.,.,.,.,.,.,.,.,.,.,.,.,.,.,.,.,.,.,.,.,.,.,.,.,.,.,.,.,.,.